keyword,category,intent,difficulty,season,money,note
근로장려금 신청자격,정책지원금,정보,중,5월/9월,애드센스,매년 갱신 재활용 최고
근로장려금 지급일,정책지원금,정보,하,8월/12월,애드센스,단답형 검색량 큼
자녀장려금 조건,정책지원금,정보,중,5월,애드센스,근로장려금과 세트로 내부링크
에너지바우처 신청방법,정책지원금,정보,하,10~12월,애드센스,겨울 시즌 폭발
청년월세 지원 신청,정책지원금,정보,중,연중,애드센스,지자체별 파생글 다수 가능
국민내일배움카드 신청,정책지원금,정보,중,연중,애드센스,사용처 글로 확장
햇살론 자격조건,정책지원금,정보,상,연중,애드센스,CPC 높음 경쟁도 높음
소상공인 정책자금 종류,정책지원금,정보,상,연중,애드센스,단가 최상위권
지역화폐 할인 사용처,정책지원금,정보,하,연중,애드센스,지역별 롱테일
기초연금 수급자격,정책지원금,정보,중,연중,애드센스,고령층 검색 꾸준
실업급여 조건 계산,정책지원금,정보,상,연중,애드센스,검색량 최상위 경쟁 치열
청년도약계좌 조건,정책지원금,정보,중,연중,애드센스,금융+정책 교집합
연말정산 환급금 조회,세금환급,정보,상,1~2월,애드센스,시즌 트래픽 폭증 미리 작성
연말정산 인적공제 기준,세금환급,정보,중,1월,애드센스,세부 항목별 분할 작성
월세 세액공제 신청방법,세금환급,정보,중,1~2월,애드센스,전환율 좋은 롱테일
종합소득세 신고방법,세금환급,정보,상,5월,애드센스,프리랜서 타깃
자동차세 연납 할인,세금환급,정보,하,1월/3월,애드센스,단순명확 상위 쉬움
재산세 납부기간,세금환급,정보,하,7월/9월,애드센스,연 2회 수확
건강보험료 조정신청,세금환급,정보,중,연중,애드센스,퇴사자 검색 많음
4대보험 계산기 사용법,세금환급,정보,중,연중,애드센스,계산 예시 표 필수
상속세 면제한도,세금환급,정보,상,연중,애드센스,CPC 매우 높음 신뢰도 필요
증여세 면제한도 자녀,세금환급,정보,상,연중,애드센스,장문 작성 권장
휴면예금 조회 방법,생활금융,정보,하,연중,애드센스,클릭률 높은 소재
미환급금 찾기,생활금융,정보,중,연중,애드센스,정부24 연계
통신비 절약 방법,생활금융,정보,중,연중,애드센스,알뜰폰 파생
알뜰폰 요금제 고르는 법,생활금융,비교,중,연중,제휴,상품추천 아닌 기준 제시로
전기요금 누진세 구간,생활금융,정보,중,6~8월,애드센스,여름 시즌 필수
실비보험 청구 방법,생활금융,정보,중,연중,애드센스,상품비교 금지 절차만
자동차보험 갱신 주의사항,생활금융,정보,중,연중,애드센스,절차 안내 위주
신용점수 올리는 방법,생활금융,정보,상,연중,애드센스,경쟁 높으나 단가 좋음
청약통장 활용법,생활금융,정보,중,연중,애드센스,정책 변화 잦음 갱신 필수
전세보증금 반환보증,생활금융,정보,중,연중,애드센스,YMYL 출처 필수
중도상환수수료 계산,생활금융,정보,중,연중,애드센스,계산 예시로 차별화
공동인증서 발급 방법,생활정보,정보,하,연중,애드센스,진입 쉬움 초기 추천
정부24 서류 발급,생활정보,정보,하,연중,애드센스,스크린샷 많이
확정일자 받는 방법,생활정보,정보,중,연중,애드센스,이사 시즌 강세
전입신고 온라인,생활정보,정보,하,2~3월,애드센스,이사 시즌
자동차 검사 예약,생활정보,정보,하,연중,애드센스,단순 절차 안내
여권 재발급 준비물,생활정보,정보,하,연중,애드센스,안정적 검색량
등본 인터넷발급,생활정보,정보,하,연중,애드센스,초보자용 첫 글로 적합
국민연금 예상수령액 조회,생활정보,정보,중,연중,애드센스,계산 스샷 필수
건강검진 대상자 조회,생활정보,정보,하,연중,애드센스,연초 강세
무선청소기 추천 기준,리뷰쇼핑,비교,중,연중,쿠팡,직접 사용 사진 필수
로봇청소기 실사용 후기,리뷰쇼핑,리뷰,중,연중,쿠팡,장기 사용 후기가 강점
제습기 용량 고르는 법,리뷰쇼핑,비교,중,5~8월,쿠팡,시즌성 강함
가습기 관리 방법,리뷰쇼핑,정보,하,11~2월,쿠팡,정보글로 유입 후 제휴
캠핑 초보 장비 리스트,리뷰쇼핑,비교,중,3~10월,쿠팡,객단가 높음
자취방 필수템,리뷰쇼핑,비교,중,2~3월,쿠팡,신학기 시즌
노트북 사양 보는 법,리뷰쇼핑,정보,중,연중,쿠팡,정보성이라 신뢰도 확보
공기청정기 필터 교체주기,리뷰쇼핑,정보,하,연중,쿠팡,소모품 반복구매 유도
전기장판 전기세,리뷰쇼핑,정보,중,11~2월,쿠팡,계산표로 차별화
가족관계증명서 인터넷발급,생활정보,정보,하,연중,애드센스,정부24 스샷 필수
인감증명서 발급 방법,생활정보,정보,하,연중,애드센스,대리발급 케이스 분리
초본 등본 차이,생활정보,정보,하,연중,애드센스,비교표로 차별화
운전면허 갱신 방법,생활정보,정보,하,연중,애드센스,적성검사 구분 설명
운전면허 적성검사 대상,생활정보,정보,하,연중,애드센스,연령별 표
자동차 명의이전 절차,생활정보,정보,중,연중,애드센스,비용표 포함
전세 확정일자 온라인,생활정보,정보,중,2~3월,애드센스,이사시즌
임대차 신고 대상,생활정보,정보,중,연중,애드센스,과태료 안내
출생신고 준비물,생활정보,정보,하,연중,애드센스,기한 강조
사망신고 절차,생활정보,정보,중,연중,애드센스,상속 글로 내부링크
혼인신고 준비물,생활정보,정보,하,연중,애드센스,단순명확
여권 발급 소요기간,생활정보,정보,하,연중,애드센스,긴급발급 분리
국제운전면허증 발급,생활정보,정보,하,3~8월,애드센스,여행시즌
병원 진료기록 발급,생활정보,정보,하,연중,애드센스,보험청구 연계
건강보험 자격득실확인서,생활정보,정보,하,연중,애드센스,이직자 검색 많음
경력증명서 발급 방법,생활정보,정보,하,연중,애드센스,고용보험 연계
고용보험 가입이력 조회,생활정보,정보,중,연중,애드센스,실업급여 내부링크
소득금액증명원 발급,생활정보,정보,중,5월,애드센스,대출 서류 연계
납세증명서 인터넷발급,생활정보,정보,하,연중,애드센스,홈택스 스샷
지방세 납세증명서 발급,생활정보,정보,하,연중,애드센스,위택스 안내
전입세대열람 신청,생활정보,정보,중,연중,애드센스,전세사기 예방 연계
자동차 검사 과태료,생활정보,정보,하,연중,애드센스,금액표
쓰레기 무단투기 신고,생활정보,정보,하,연중,애드센스,포상금 언급
대형폐기물 배출 방법,생활정보,정보,하,연중,애드센스,지역별 롱테일
전기차 보조금 신청,정책지원금,정보,상,연중,애드센스,지자체별 파생
청년내일저축계좌 조건,정책지원금,정보,중,연중,애드센스,신청기간 주의
디딤돌대출 자격,정책지원금,정보,상,연중,애드센스,CPC 높음
버팀목전세자금대출 조건,정책지원금,정보,상,연중,애드센스,YMYL 출처 필수
출산지원금 지자체별,정책지원금,정보,중,연중,애드센스,지역 롱테일 대량 생산
아동수당 신청방법,정책지원금,정보,하,연중,애드센스,연령 기준 표
첫만남이용권 사용처,정책지원금,정보,하,연중,애드센스,사용처 목록화
평생교육이용권 신청,정책지원금,정보,중,연중,애드센스,경쟁 낮음
문화누리카드 잔액조회,정책지원금,정보,하,연중,애드센스,단순 검색 다수
농식품바우처 대상,정책지원금,정보,중,연중,애드센스,신규 제도
난방비 지원 신청,정책지원금,정보,중,11~2월,애드센스,겨울 폭발
긴급복지지원제도 조건,정책지원금,정보,중,연중,애드센스,복지로 출처
국민취업지원제도 신청,정책지원금,정보,중,연중,애드센스,유형별 구분
청년월세 한시 특별지원,정책지원금,정보,중,연중,애드센스,기간 한정 주의
연말정산 의료비 공제,세금환급,정보,중,1월,애드센스,항목별 분할
연말정산 교육비 공제,세금환급,정보,중,1월,애드센스,항목별 분할
연말정산 기부금 공제,세금환급,정보,중,1월,애드센스,항목별 분할
연말정산 신용카드 공제,세금환급,정보,상,1월,애드센스,계산 예시 필수
경정청구 방법,세금환급,정보,중,연중,애드센스,놓친 공제 환급
부가가치세 신고기간,세금환급,정보,중,1월/7월,애드센스,사업자 타깃
사업자등록 방법,세금환급,정보,중,연중,애드센스,프리랜서 유입
간이과세자 기준,세금환급,정보,중,연중,애드센스,비교표
원천징수영수증 발급,세금환급,정보,하,연중,애드센스,홈택스 스샷
자동차세 환급 신청,세금환급,정보,중,연중,애드센스,중고차 매도자
취득세 감면 대상,세금환급,정보,상,연중,애드센스,생애최초 연계
